{
  "dark_noise": {
    "0": [
      1.8370933503319975e-05,
      8.78217924625578e-06,
      2.2423673726734705e-05,
      1.2608758727011516e-05
    ],
    "1": [
      1.957186213985551e-05,
      9.722014445844192e-06,
      2.0764211967616575e-05,
      9.054768122194358e-06
    ],
    "2": [
      2.510675813027774e-05,
      1.2309880833058612e-05,
      3.141149818475242e-05,
      1.6010755021848486e-05
    ],
    "3": [
      1.981865580091835e-05,
      1.0180427088437635e-05,
      2.2671699753118446e-05,
      1.0893648492747234e-05
    ],
    "4": [
      1.920167278512963e-05,
      9.538783639609176e-06,
      2.1233156530797714e-05,
      1.068840186514626e-05
    ],
    "5": [
      2.138832314813044e-05,
      1.1473658366644019e-05,
      3.086355491177528e-05,
      1.0635565463231746e-05
    ],
    "6": [
      1.6165114402610925e-05,
      9.976973865083456e-06,
      1.9070544112764765e-05,
      1.4834359978001388e-05
    ]
  },
  "amplitudes": [
    [
      0.35358726396877527,
      0.6
    ],
    [
      0.012841301347612476,
      0.02762132819473117
    ],
    [
      0.40995015518595523,
      0.597321585981078
    ],
    [
      0.4464457296635706,
      0.6000000000000001
    ],
    [
      0.007921544256717898,
      0.014820652798302261
    ],
    [
      0.39910240650964834,
      0.5999999999999999
    ],
    [
      0.032742038145011636,
      0.06792497171302725
    ],
    [
      0.027684818487614393,
      0.0497867027297616
    ],
    [
      0.02089204965159297,
      0.04170981701463461
    ],
    [
      0.029228099156171083,
      0.06651288364082575
    ],
    [
      0.5468157853400978,
      0.6
    ],
    [
      0.06514772018536923,
      0.09378582141366523
    ],
    [
      0.25172281684829984,
      0.3009222488083442
    ],
    [
      0.06687247300904013,
      0.11048757096604309
    ],
    [
      0.014002367691322336,
      0.025010193831070372
    ],
    [
      0.47597930149538714,
      0.6
    ],
    [
      0.019384504283143728,
      0.03714198834239598
    ],
    [
      0.291590033567552,
      0.6
    ],
    [
      0.2572936633656368,
      0.2539172724227916
    ],
    [
      0.39760638221945976,
      0.5999999999999999
    ]
  ],
  "signal_quality": [
    {
      "level": 3,
      "saturated": false,
      "xtalk": false
    },
    {
      "level": 3,
      "saturated": false,
      "xtalk": false
    },
    {
      "level": 3,
      "saturated": false,
      "xtalk": false
    },
    {
      "level": 3,
      "saturated": false,
      "xtalk": false
    },
    {
      "level": 3,
      "saturated": false,
      "xtalk": false
    },
    {
      "level": 3,
      "saturated": false,
      "xtalk": false
    },
    {
      "level": 3,
      "saturated": false,
      "xtalk": false
    },
    {
      "level": 3,
      "saturated": false,
      "xtalk": false
    },
    {
      "level": 3,
      "saturated": false,
      "xtalk": false
    },
    {
      "level": 3,
      "saturated": false,
      "xtalk": false
    },
    {
      "level": 3,
      "saturated": false,
      "xtalk": false
    },
    {
      "level": 3,
      "saturated": false,
      "xtalk": false
    },
    {
      "level": 3,
      "saturated": false,
      "xtalk": false
    },
    {
      "level": 3,
      "saturated": false,
      "xtalk": false
    },
    {
      "level": 3,
      "saturated": false,
      "xtalk": false
    },
    {
      "level": 3,
      "saturated": false,
      "xtalk": false
    },
    {
      "level": 3,
      "saturated": false,
      "xtalk": false
    },
    {
      "level": 3,
      "saturated": false,
      "xtalk": false
    },
    {
      "level": 3,
      "saturated": false,
      "xtalk": false
    },
    {
      "level": 3,
      "saturated": false,
      "xtalk": false
    }
  ],
  "coefficient_of_variation": [
    [
      0.454514791953664,
      0.7696409808799543
    ],
    [
      0.7565035690503116,
      0.9826638229103808
    ],
    [
      0.3692251055370612,
      0.5737152561853747
    ],
    [
      0.3349867479121173,
      0.551864324911816
    ],
    [
      0.6924917531233666,
      0.7753200929275978
    ],
    [
      0.26523143995779813,
      0.44822173664689
    ],
    [
      0.15601897782414123,
      0.24042543111936743
    ],
    [
      0.44282675675688216,
      0.610445235114989
    ],
    [
      0.24732280678516946,
      0.3545909594211772
    ],
    [
      0.5438880486572067,
      0.6345457075075986
    ],
    [
      0.2901572066745657,
      0.4429955445313116
    ],
    [
      0.21304302636851843,
      0.2474341798153325
    ],
    [
      0.3785049096349496,
      0.5077274835112597
    ],
    [
      0.15001931338740856,
      0.23128761730703556
    ],
    [
      0.44230529811753877,
      0.6653668983483075
    ],
    [
      0.2692891217959544,
      0.46884117258314656
    ],
    [
      0.6513696900437042,
      0.8874627792067875
    ],
    [
      0.3528682055005707,
      0.5130893712817782
    ],
    [
      0.6449690340121111,
      0.9379034805863042
    ],
    [
      0.4252720734185125,
      0.7139265118211418
    ]
  ]
}