{
  "dark_noise": {
    "0": [
      2.1664047835656675e-05,
      8.948485265795578e-06,
      2.3937652713357238e-05,
      9.824335958663773e-06
    ],
    "1": [
      2.0481129467952996e-05,
      1.379459013621092e-05,
      2.125079163306509e-05,
      1.1763345291322297e-05
    ],
    "2": [
      3.121204827039037e-05,
      1.5654709423298453e-05,
      2.676886651897803e-05,
      2.114437313287572e-05
    ],
    "3": [
      1.6138156979650375e-05,
      1.0385273335192072e-05,
      2.0414997834450332e-05,
      1.2916621636655728e-05
    ],
    "4": [
      2.0596294234564994e-05,
      1.0229484520085535e-05,
      2.0568813852150925e-05,
      9.510674431009038e-06
    ],
    "5": [
      3.1809695428819396e-05,
      2.189151025761326e-05,
      2.3144132228480885e-05,
      1.3829762171205644e-05
    ],
    "6": [
      2.313827735633822e-05,
      1.2565130845653639e-05,
      2.827203616106999e-05,
      1.4091215781374917e-05
    ]
  },
  "amplitudes": [
    [
      0.11400699615478516,
      0.2364540845155716
    ],
    [
      0.1503663044422865,
      0.3325558081269264
    ],
    [
      0.024538448238729513,
      0.04361340870025012
    ],
    [
      0.4995086812785012,
      0.6000000000000001
    ],
    [
      0.0055799068650230765,
      0.011516560334712267
    ],
    [
      0.535811297595501,
      0.579548142850399
    ],
    [
      0.11151385493576527,
      0.16864251345396042
    ],
    [
      0.026048675645142794,
      0.049327556043863297
    ],
    [
      0.053974916227161884,
      0.08843469433486462
    ],
    [
      0.02957785502076149,
      0.06908569950610399
    ],
    [
      0.31713965556972123,
      0.30377418888862595
    ],
    [
      0.1970334666943625,
      0.23491959475471258
    ],
    [
      0.4879657158061339,
      0.6000000000000001
    ],
    [
      0.1813123875107177,
      0.27908264740696864
    ],
    [
      0.004893900000769001,
      0.010191705806478917
    ],
    [
      0.38744492831668786,
      0.6
    ],
    [
      0.01730766830278827,
      0.03578918725271522
    ],
    [
      0.2552178430268197,
      0.6
    ],
    [
      0.5999999999999999,
      0.5596012855429462
    ],
    [
      0.26074516915345836,
      0.3724469363465359
    ]
  ],
  "signal_quality": [
    {
      "level": 3,
      "saturated": false,
      "xtalk": false
    },
    {
      "level": 3,
      "saturated": false,
      "xtalk": false
    },
    {
      "level": 3,
      "saturated": false,
      "xtalk": false
    },
    {
      "level": 3,
      "saturated": false,
      "xtalk": false
    },
    {
      "level": 3,
      "saturated": false,
      "xtalk": false
    },
    {
      "level": 3,
      "saturated": false,
      "xtalk": false
    },
    {
      "level": 3,
      "saturated": false,
      "xtalk": false
    },
    {
      "level": 3,
      "saturated": false,
      "xtalk": false
    },
    {
      "level": 3,
      "saturated": false,
      "xtalk": false
    },
    {
      "level": 3,
      "saturated": false,
      "xtalk": false
    },
    {
      "level": 3,
      "saturated": false,
      "xtalk": false
    },
    {
      "level": 3,
      "saturated": false,
      "xtalk": false
    },
    {
      "level": 3,
      "saturated": false,
      "xtalk": false
    },
    {
      "level": 3,
      "saturated": false,
      "xtalk": false
    },
    {
      "level": 3,
      "saturated": false,
      "xtalk": false
    },
    {
      "level": 3,
      "saturated": false,
      "xtalk": false
    },
    {
      "level": 3,
      "saturated": false,
      "xtalk": false
    },
    {
      "level": 3,
      "saturated": false,
      "xtalk": false
    },
    {
      "level": 3,
      "saturated": false,
      "xtalk": false
    },
    {
      "level": 3,
      "saturated": false,
      "xtalk": false
    }
  ],
  "coefficient_of_variation": [
    [
      0.38526549604666877,
      0.5942845247937817
    ],
    [
      0.4592085446462347,
      0.7201210182282818
    ],
    [
      0.4234900396904333,
      0.6447797722794106
    ],
    [
      0.657909182179554,
      1.0922452785942136
    ],
    [
      0.5232900183237517,
      0.7785259936686014
    ],
    [
      0.40405052468558417,
      0.6899278038169196
    ],
    [
      0.28458257689416855,
      0.42697747347757387
    ],
    [
      0.2456006642574002,
      0.4167657817697256
    ],
    [
      0.2848424813457534,
      0.38208475948441256
    ],
    [
      0.2692680787860036,
      0.39844451774557116
    ],
    [
      0.3580749158167371,
      0.41666879817378777
    ],
    [
      0.18365608490796603,
      0.3021040730043592
    ],
    [
      0.4423435336757154,
      0.5166069309063935
    ],
    [
      0.2742953600218233,
      0.39088142884527216
    ],
    [
      0.5114143994998974,
      0.5580764176629265
    ],
    [
      0.16558179610717383,
      0.38883760788287425
    ],
    [
      0.35644013415571946,
      0.5340756435541331
    ],
    [
      0.28754000329927126,
      0.44861545525311763
    ],
    [
      0.5133816806291946,
      0.9742987556846392
    ],
    [
      0.5702533549569447,
      0.9142029383647607
    ]
  ]
}