{
  "dark_noise": {
    "0": [
      1.7555057638674043e-05,
      8.541561395047821e-06,
      2.530531673983205e-05,
      9.867983963005432e-06
    ],
    "1": [
      2.0091249552933732e-05,
      1.1355988910190944e-05,
      1.924024900290533e-05,
      1.304896017275937e-05
    ],
    "2": [
      2.653201363500557e-05,
      2.2286103927061052e-05,
      2.9956745493109338e-05,
      2.517095690880099e-05
    ],
    "3": [
      2.3979007437446853e-05,
      9.466408891994935e-06,
      2.0959303128620377e-05,
      1.1267077202867069e-05
    ],
    "4": [
      1.7560619198775385e-05,
      7.225009492285075e-06,
      1.818789883145655e-05,
      9.196445372195747e-06
    ],
    "5": [
      2.0272018446121365e-05,
      1.2328904894365244e-05,
      1.9848412193823606e-05,
      1.7473701441276977e-05
    ],
    "6": [
      1.7503512026451062e-05,
      8.100019804707662e-06,
      1.7658381921137334e-05,
      9.699359843126364e-06
    ]
  },
  "amplitudes": [
    [
      0.3592464031441578,
      0.6
    ],
    [
      0.07828008107141007,
      0.17096359033051187
    ],
    [
      0.20442392833068126,
      0.3273094908745155
    ],
    [
      0.43502453124505647,
      0.6
    ],
    [
      0.03825563222571848,
      0.06128006106988921
    ],
    [
      0.5167355432545473,
      0.6
    ],
    [
      0.15087289675352036,
      0.20028733991789704
    ],
    [
      0.11264789673812624,
      0.19099989017783822
    ],
    [
      0.5430346300196488,
      0.6
    ],
    [
      0.07144729421458838,
      0.1157236056295777
    ],
    [
      0.5357395144572885,
      0.5309889205423448
    ],
    [
      0.3072032511207064,
      0.3212098436442456
    ],
    [
      0.5319784522603963,
      0.6
    ],
    [
      0.420490781729565,
      0.452277447496329
    ],
    [
      0.04136788451631909,
      0.05847785002257416
    ],
    [
      0.5331166173209797,
      0.6
    ],
    [
      0.05085459457380241,
      0.07423991999834542
    ],
    [
      0.4542339611157755,
      0.6
    ],
    [
      0.45418242009969345,
      0.4123656575234965
    ],
    [
      0.5012612746494415,
      0.6000000000000001
    ]
  ],
  "signal_quality": [
    {
      "level": 3,
      "saturated": false,
      "xtalk": false
    },
    {
      "level": 3,
      "saturated": false,
      "xtalk": false
    },
    {
      "level": 3,
      "saturated": false,
      "xtalk": false
    },
    {
      "level": 3,
      "saturated": false,
      "xtalk": false
    },
    {
      "level": 3,
      "saturated": false,
      "xtalk": false
    },
    {
      "level": 3,
      "saturated": false,
      "xtalk": false
    },
    {
      "level": 3,
      "saturated": false,
      "xtalk": false
    },
    {
      "level": 3,
      "saturated": false,
      "xtalk": false
    },
    {
      "level": 3,
      "saturated": false,
      "xtalk": false
    },
    {
      "level": 3,
      "saturated": false,
      "xtalk": false
    },
    {
      "level": 3,
      "saturated": false,
      "xtalk": false
    },
    {
      "level": 3,
      "saturated": false,
      "xtalk": false
    },
    {
      "level": 3,
      "saturated": false,
      "xtalk": false
    },
    {
      "level": 3,
      "saturated": false,
      "xtalk": false
    },
    {
      "level": 3,
      "saturated": false,
      "xtalk": false
    },
    {
      "level": 3,
      "saturated": false,
      "xtalk": false
    },
    {
      "level": 3,
      "saturated": false,
      "xtalk": false
    },
    {
      "level": 3,
      "saturated": false,
      "xtalk": false
    },
    {
      "level": 3,
      "saturated": false,
      "xtalk": false
    },
    {
      "level": 3,
      "saturated": false,
      "xtalk": false
    }
  ],
  "coefficient_of_variation": [
    [
      0.28763954893517374,
      0.4893076381350067
    ],
    [
      0.4329263439914696,
      0.5637870309574358
    ],
    [
      0.6964128835401315,
      0.6326371995134455
    ],
    [
      0.5995340554805478,
      0.8777595009495363
    ],
    [
      0.5809465372517856,
      0.8746477709485648
    ],
    [
      0.7220041055885372,
      1.0890545936850833
    ],
    [
      0.5068076815751552,
      0.7619553766822232
    ],
    [
      0.9509666511012184,
      1.1629050902688751
    ],
    [
      0.740874633956663,
      1.0310768922480333
    ],
    [
      1.0790222276524377,
      1.2277837965406209
    ],
    [
      0.5482347079399952,
      0.8448883491531402
    ],
    [
      0.6793351662937838,
      0.9508679860249534
    ],
    [
      0.7272353043673885,
      0.9434197196222649
    ],
    [
      0.4403739316994595,
      0.6077628736532692
    ],
    [
      0.6310211117857406,
      0.7939712330740429
    ],
    [
      0.5926564181361633,
      0.9477129982039281
    ],
    [
      0.477045378830112,
      0.655269040405663
    ],
    [
      0.33701289234424886,
      0.590183558457625
    ],
    [
      0.5917485654266066,
      0.9629928182938665
    ],
    [
      0.3947238135527128,
      0.6929932018816267
    ]
  ]
}